ID,First Name,Last Name,Username,Password,User Type,Membership,Start Date,End Date,Speciality
1,Hermione,Granger,hermionegranger,Hn)0pf5q,Member,,,,
2,Jason,Bourne,jasonbourne,aNgb9jkE,Member,Basic,11/02/2025,12/01/2025,
3,Frodo,Baggins,frodobaggins,03#oxBYW,Member,,,,
4,Yoda,Smith,yoda,KVyCOGc*,Member,Premium,11/04/2025,02/03/2026,
5,Captain,America,captainamerica,2Lob0Zfa,Member,Premium,11/05/2025,02/04/2026,
6,Sherlock,Holmes,sherlockholmes,#A2UjgVh,Member,Premium,11/06/2025,02/05/2026,
7,Neo,Miller,neo,L8GKCj$A,Member,,,,
8,Captain,Jack Sparrow,captainjacksparrow,3*Gts&4X,Member,Gold,11/08/2025,05/07/2026,
9,Atticus,Finch,atticusfinch,3@H$PHpp,Member,Gold,11/09/2025,05/08/2026,
10,James,T. Kirk,jamest.kirk,YQoQ3LH3,Member,Gold,11/10/2025,05/09/2026,
11,Wolverine,Wilson,wolverine,SucLrbjh,Member,Gold,11/11/2025,05/10/2026,
12,Gandalf,Williams,gandalf,Qa8b!@)k,Member,Platinum,11/12/2025,08/11/2026,
13,John,Wick,johnwick,WUa9@NUG,Member,,,,
14,Tony,Stark,tonystark,bmQ@0CrZ,Member,Platinum,11/14/2025,08/13/2026,
15,Rocky,Balboa,rockybalboa,Sma0y*cV,Member,Platinum,11/15/2025,08/14/2026,
16,Luke,Skywalker,lukeskywalker,Fl&^mI*Y,Trainer,,,,Strength Training
17,Morpheus,Wilson,morpheus,1IZgnN1(,Trainer,,,,Yoga
18,Tony,Montana,tonymontana,ut@zVg$i,Member,Gold,10/01/2025,03/31/2026,
19,Batman,Miller,batman,P8A)art(,Member,Gold,10/02/2025,04/01/2026,
20,Norman,Bates,normanbates,SgSj29cv,Member,Gold,10/03/2025,04/02/2026,
21,E.T.,Moore,e.t.,cstk@z!6,Member,Gold,10/04/2025,04/03/2026,
22,Jackie,Chan,jackiechan,yCTnezqK,Member,Platinum,10/05/2025,07/04/2026,
23,Travis,Bickle,travisbickle,eT47a5mQ,Member,Basic,10/06/2025,11/05/2025,
24,Han,Solo,hansolo,6EJQon4R,Member,Premium,10/07/2025,01/06/2026,
25,James,Bond,jamesbond,1kfbNp2W,Member,Premium,10/08/2025,01/07/2026,
26,Hanibal,Lecter,haniballecter,E6l1WgpH,Member,Premium,10/09/2025,01/08/2026,
27,Katniss,Everdeen,katnisseverdeen,z@Uei505,Member,Platinum,10/10/2025,07/09/2026,
28,Thor,Moore,thor,xEj4#TAs,Member,Platinum,10/11/2025,07/10/2026,
29,Spider-Man,Smith,spider-man,OoU6bx29,Member,Platinum,10/12/2025,07/11/2026,
30,Michael,Corleone,michaelcorleone,l$lqW*w0,Admin,,,,
31,Ellen,Ripley,ellenripley,okjgX&kI,Trainer,,,,Cardio
32,Wonder,Woman,wonderwoman,QV#Tb!9&,Member,Basic,09/01/2025,09/30/2025,
33,Dorothy,Gale,dorothygale,mLY9h3aK,Member,Basic,09/02/2025,10/01/2025,
34,Darth,Vader,darthvader,McxFb#wZ,Trainer,,,,Aerobics
35,Harry,Potter,harrypotter,KjHw49b0,Admin,,,,
36,Rick,Blaine,rickblaine,Lxt0JrZ%,Member,Platinum,11/01/2025,07/30/2026,
